block_start,block_end,average_distance
1,21,0.2664930555555556
2,22,0.2555877410613739
3,23,0.28475887997372373
4,24,0.30844052059872373
5,25,0.2986404373123123
6,26,0.30627771326013514
7,27,0.29222533079954954
8,28,0.3180389862518769
9,29,0.32276490357545046
10,30,0.3188681845908408
11,31,0.3614820875563063
12,32,0.46795525994744747
