{
    "boolq": {
        "alias": "boolq",
        "acc,none": 0.6214067278287462,
        "acc_stderr,none": 0.008483341718024479
    },
    "lambada_openai": {
        "alias": "lambada_openai",
        "perplexity,none": 102.19823262446947,
        "perplexity_stderr,none": 4.740865018485604,
        "acc,none": 0.2815835435668543,
        "acc_stderr,none": 0.00626619410639588
    },
    "openbookqa": {
        "alias": "openbookqa",
        "acc,none": 0.176,
        "acc_stderr,none": 0.01704785202062226,
        "acc_norm,none": 0.31,
        "acc_norm_stderr,none": 0.020704041021724802
    },
    "piqa": {
        "alias": "piqa",
        "acc,none": 0.6196953210010882,
        "acc_stderr,none": 0.011326620892570317,
        "acc_norm,none": 0.6147986942328618,
        "acc_norm_stderr,none": 0.011354179751257075
    },
    "race": {
        "alias": "race",
        "acc,none": 0.3014354066985646,
        "acc_stderr,none": 0.014202021545672665
    },
    "sciq": {
        "alias": "sciq",
        "acc,none": 0.781,
        "acc_stderr,none": 0.013084731950262019,
        "acc_norm,none": 0.701,
        "acc_norm_stderr,none": 0.014484778521220465
    },
    "winogrande": {
        "alias": "winogrande",
        "acc,none": 0.5177584846093133,
        "acc_stderr,none": 0.014043619596174962
    }
}