{
    "boolq": {
        "alias": "boolq",
        "acc,none": 0.43180428134556575,
        "acc_stderr,none": 0.008663332644225122
    },
    "lambada_openai": {
        "alias": "lambada_openai",
        "perplexity,none": 10875941.7078421,
        "perplexity_stderr,none": 1236744.9643974407,
        "acc,none": 0.0,
        "acc_stderr,none": 0.0
    },
    "openbookqa": {
        "alias": "openbookqa",
        "acc,none": 0.142,
        "acc_stderr,none": 0.015625630247810298,
        "acc_norm,none": 0.274,
        "acc_norm_stderr,none": 0.019966103540279462
    },
    "piqa": {
        "alias": "piqa",
        "acc,none": 0.5048966267682263,
        "acc_stderr,none": 0.011665264730078145,
        "acc_norm,none": 0.4885745375408052,
        "acc_norm_stderr,none": 0.011662778026451666
    },
    "race": {
        "alias": "race",
        "acc,none": 0.21626794258373205,
        "acc_stderr,none": 0.0127417661638963
    },
    "sciq": {
        "alias": "sciq",
        "acc,none": 0.236,
        "acc_stderr,none": 0.013434451402438692,
        "acc_norm,none": 0.245,
        "acc_norm_stderr,none": 0.013607356839598116
    },
    "winogrande": {
        "alias": "winogrande",
        "acc,none": 0.48539857932123126,
        "acc_stderr,none": 0.014046492383275835
    }
}