{
    "boolq": {
        "alias": "boolq",
        "acc,none": 0.38073394495412843,
        "acc_stderr,none": 0.008492625561656218
    },
    "lambada_openai": {
        "alias": "lambada_openai",
        "perplexity,none": 2902428.516675232,
        "perplexity_stderr,none": 307251.3999858948,
        "acc,none": 0.0,
        "acc_stderr,none": 0.0
    },
    "openbookqa": {
        "alias": "openbookqa",
        "acc,none": 0.156,
        "acc_stderr,none": 0.016243636028391104,
        "acc_norm,none": 0.268,
        "acc_norm_stderr,none": 0.01982771485958758
    },
    "piqa": {
        "alias": "piqa",
        "acc,none": 0.5239390642002176,
        "acc_stderr,none": 0.01165244562107926,
        "acc_norm,none": 0.5125136017410229,
        "acc_norm_stderr,none": 0.01166217008491689
    },
    "race": {
        "alias": "race",
        "acc,none": 0.24114832535885167,
        "acc_stderr,none": 0.013239461598750224
    },
    "sciq": {
        "alias": "sciq",
        "acc,none": 0.255,
        "acc_stderr,none": 0.013790038620872825,
        "acc_norm,none": 0.27,
        "acc_norm_stderr,none": 0.014046255632633918
    },
    "winogrande": {
        "alias": "winogrande",
        "acc,none": 0.5130228887134964,
        "acc_stderr,none": 0.014047718393997667
    }
}