{
    "boolq": {
        "alias": "boolq",
        "acc,none": 0.6217125382262997,
        "acc_stderr,none": 0.008482001133931
    },
    "lambada_openai": {
        "alias": "lambada_openai",
        "perplexity,none": 2716676.2033186452,
        "perplexity_stderr,none": 252559.28948882656,
        "acc,none": 0.0,
        "acc_stderr,none": 0.0
    },
    "openbookqa": {
        "alias": "openbookqa",
        "acc,none": 0.134,
        "acc_stderr,none": 0.01524969200385449,
        "acc_norm,none": 0.274,
        "acc_norm_stderr,none": 0.01996610354027947
    },
    "piqa": {
        "alias": "piqa",
        "acc,none": 0.5239390642002176,
        "acc_stderr,none": 0.01165244562107926,
        "acc_norm,none": 0.5038084874863983,
        "acc_norm_stderr,none": 0.0116654857447468
    },
    "race": {
        "alias": "race",
        "acc,none": 0.22583732057416267,
        "acc_stderr,none": 0.012940877391910379
    },
    "sciq": {
        "alias": "sciq",
        "acc,none": 0.231,
        "acc_stderr,none": 0.01333479721693644,
        "acc_norm,none": 0.243,
        "acc_norm_stderr,none": 0.013569640199177451
    },
    "winogrande": {
        "alias": "winogrande",
        "acc,none": 0.47829518547750594,
        "acc_stderr,none": 0.01403923921648463
    }
}