{
    "boolq": {
        "alias": "boolq",
        "acc,none": 0.5740061162079511,
        "acc_stderr,none": 0.008648732832949143
    },
    "lambada_openai": {
        "alias": "lambada_openai",
        "perplexity,none": 8854.197974540544,
        "perplexity_stderr,none": 662.955508614752,
        "acc,none": 0.057248204929167476,
        "acc_stderr,none": 0.003236619852109803
    },
    "openbookqa": {
        "alias": "openbookqa",
        "acc,none": 0.148,
        "acc_stderr,none": 0.015896458561251246,
        "acc_norm,none": 0.252,
        "acc_norm_stderr,none": 0.019435727282249512
    },
    "piqa": {
        "alias": "piqa",
        "acc,none": 0.545157780195865,
        "acc_stderr,none": 0.011618148261187403,
        "acc_norm,none": 0.5397170837867247,
        "acc_norm_stderr,none": 0.011628961491718638
    },
    "race": {
        "alias": "race",
        "acc,none": 0.2535885167464115,
        "acc_stderr,none": 0.013464917553159393
    },
    "sciq": {
        "alias": "sciq",
        "acc,none": 0.569,
        "acc_stderr,none": 0.015667944488173494,
        "acc_norm,none": 0.506,
        "acc_norm_stderr,none": 0.015818160898606715
    },
    "winogrande": {
        "alias": "winogrande",
        "acc,none": 0.5177584846093133,
        "acc_stderr,none": 0.01404361959617496
    }
}