{
    "boolq": {
        "alias": "boolq",
        "acc,none": 0.47522935779816516,
        "acc_stderr,none": 0.008734316719387781
    },
    "lambada_openai": {
        "alias": "lambada_openai",
        "perplexity,none": 2762840.07560115,
        "perplexity_stderr,none": 295726.4644877142,
        "acc,none": 0.0011643702697457792,
        "acc_stderr,none": 0.00047512145219546305
    },
    "openbookqa": {
        "alias": "openbookqa",
        "acc,none": 0.128,
        "acc_stderr,none": 0.014955913837590658,
        "acc_norm,none": 0.254,
        "acc_norm_stderr,none": 0.019486596801643375
    },
    "piqa": {
        "alias": "piqa",
        "acc,none": 0.529379760609358,
        "acc_stderr,none": 0.011645667565050859,
        "acc_norm,none": 0.5048966267682263,
        "acc_norm_stderr,none": 0.011665264730078145
    },
    "race": {
        "alias": "race",
        "acc,none": 0.22488038277511962,
        "acc_stderr,none": 0.012921409815746453
    },
    "sciq": {
        "alias": "sciq",
        "acc,none": 0.228,
        "acc_stderr,none": 0.013273740700804478,
        "acc_norm,none": 0.254,
        "acc_norm_stderr,none": 0.013772206565168543
    },
    "winogrande": {
        "alias": "winogrande",
        "acc,none": 0.4956590370955012,
        "acc_stderr,none": 0.014051956064076892
    }
}