{
    "boolq": {
        "alias": "boolq",
        "acc,none": 0.3801223241590214,
        "acc_stderr,none": 0.008489990918989072
    },
    "lambada_openai": {
        "alias": "lambada_openai",
        "perplexity,none": 23622714.59001396,
        "perplexity_stderr,none": 3036526.1457124935,
        "acc,none": 0.0,
        "acc_stderr,none": 0.0
    },
    "openbookqa": {
        "alias": "openbookqa",
        "acc,none": 0.146,
        "acc_stderr,none": 0.01580720517583485,
        "acc_norm,none": 0.268,
        "acc_norm_stderr,none": 0.01982771485958758
    },
    "piqa": {
        "alias": "piqa",
        "acc,none": 0.5201305767138193,
        "acc_stderr,none": 0.011656365410780368,
        "acc_norm,none": 0.5081610446137106,
        "acc_norm_stderr,none": 0.011664270112244217
    },
    "race": {
        "alias": "race",
        "acc,none": 0.23253588516746412,
        "acc_stderr,none": 0.0130744606152653
    },
    "sciq": {
        "alias": "sciq",
        "acc,none": 0.222,
        "acc_stderr,none": 0.013148721948877364,
        "acc_norm,none": 0.244,
        "acc_norm_stderr,none": 0.013588548437881423
    },
    "winogrande": {
        "alias": "winogrande",
        "acc,none": 0.510655090765588,
        "acc_stderr,none": 0.014049294536290391
    }
}