{
    "boolq": {
        "alias": "boolq",
        "acc,none": 0.6204892966360857,
        "acc_stderr,none": 0.008487341975756834
    },
    "lambada_openai": {
        "alias": "lambada_openai",
        "perplexity,none": 198.52233074180492,
        "perplexity_stderr,none": 9.243644407231537,
        "acc,none": 0.22705220260042694,
        "acc_stderr,none": 0.005836466732850086
    },
    "openbookqa": {
        "alias": "openbookqa",
        "acc,none": 0.154,
        "acc_stderr,none": 0.016158285192455348,
        "acc_norm,none": 0.306,
        "acc_norm_stderr,none": 0.020629569998345417
    },
    "piqa": {
        "alias": "piqa",
        "acc,none": 0.5946681175190425,
        "acc_stderr,none": 0.011454816387346764,
        "acc_norm,none": 0.5973884657236126,
        "acc_norm_stderr,none": 0.011442395233488703
    },
    "race": {
        "alias": "race",
        "acc,none": 0.29952153110047847,
        "acc_stderr,none": 0.014176243669813232
    },
    "sciq": {
        "alias": "sciq",
        "acc,none": 0.744,
        "acc_stderr,none": 0.013807775152234181,
        "acc_norm,none": 0.677,
        "acc_norm_stderr,none": 0.014794927843348632
    },
    "winogrande": {
        "alias": "winogrande",
        "acc,none": 0.5138121546961326,
        "acc_stderr,none": 0.014047122916440422
    }
}