{
    "boolq": {
        "alias": "boolq",
        "acc,none": 0.38776758409785933,
        "acc_stderr,none": 0.00852190032801389
    },
    "lambada_openai": {
        "alias": "lambada_openai",
        "perplexity,none": 8952166.995006854,
        "perplexity_stderr,none": 861381.4249256994,
        "acc,none": 0.00019406171162429653,
        "acc_stderr,none": 0.00019406171162430276
    },
    "openbookqa": {
        "alias": "openbookqa",
        "acc,none": 0.118,
        "acc_stderr,none": 0.014441922942480845,
        "acc_norm,none": 0.26,
        "acc_norm_stderr,none": 0.01963596552972551
    },
    "piqa": {
        "alias": "piqa",
        "acc,none": 0.5321001088139282,
        "acc_stderr,none": 0.011641758014820126,
        "acc_norm,none": 0.5168661588683352,
        "acc_norm_stderr,none": 0.011659185184878913
    },
    "race": {
        "alias": "race",
        "acc,none": 0.22296650717703348,
        "acc_stderr,none": 0.012882182141185841
    },
    "sciq": {
        "alias": "sciq",
        "acc,none": 0.228,
        "acc_stderr,none": 0.013273740700804481,
        "acc_norm,none": 0.25,
        "acc_norm_stderr,none": 0.013699915608779773
    },
    "winogrande": {
        "alias": "winogrande",
        "acc,none": 0.4956590370955012,
        "acc_stderr,none": 0.014051956064076884
    }
}