{
    "boolq": {
        "alias": "boolq",
        "acc,none": 0.6195718654434251,
        "acc_stderr,none": 0.00849131002705961
    },
    "lambada_openai": {
        "alias": "lambada_openai",
        "perplexity,none": 14665964.828772161,
        "perplexity_stderr,none": 1785097.1898980017,
        "acc,none": 0.0,
        "acc_stderr,none": 0.0
    },
    "openbookqa": {
        "alias": "openbookqa",
        "acc,none": 0.15,
        "acc_stderr,none": 0.015984712135164926,
        "acc_norm,none": 0.268,
        "acc_norm_stderr,none": 0.01982771485958759
    },
    "piqa": {
        "alias": "piqa",
        "acc,none": 0.5331882480957563,
        "acc_stderr,none": 0.011640096923563135,
        "acc_norm,none": 0.5043525571273123,
        "acc_norm_stderr,none": 0.011665382144642399
    },
    "race": {
        "alias": "race",
        "acc,none": 0.23253588516746412,
        "acc_stderr,none": 0.013074460615265291
    },
    "sciq": {
        "alias": "sciq",
        "acc,none": 0.221,
        "acc_stderr,none": 0.01312750285969625,
        "acc_norm,none": 0.243,
        "acc_norm_stderr,none": 0.013569640199177457
    },
    "winogrande": {
        "alias": "winogrande",
        "acc,none": 0.4996053670086819,
        "acc_stderr,none": 0.014052481306049516
    }
}