{
    "boolq": {
        "alias": "boolq",
        "acc,none": 0.6217125382262997,
        "acc_stderr,none": 0.008482001133931
    },
    "lambada_openai": {
        "alias": "lambada_openai",
        "perplexity,none": 1099448.481428291,
        "perplexity_stderr,none": 97388.42472698956,
        "acc,none": 0.0,
        "acc_stderr,none": 0.0
    },
    "openbookqa": {
        "alias": "openbookqa",
        "acc,none": 0.148,
        "acc_stderr,none": 0.015896458561251246,
        "acc_norm,none": 0.302,
        "acc_norm_stderr,none": 0.020553269174209188
    },
    "piqa": {
        "alias": "piqa",
        "acc,none": 0.529379760609358,
        "acc_stderr,none": 0.011645667565050862,
        "acc_norm,none": 0.5081610446137106,
        "acc_norm_stderr,none": 0.011664270112244229
    },
    "race": {
        "alias": "race",
        "acc,none": 0.23540669856459331,
        "acc_stderr,none": 0.013130292577691285
    },
    "sciq": {
        "alias": "sciq",
        "acc,none": 0.264,
        "acc_stderr,none": 0.01394627184944048,
        "acc_norm,none": 0.264,
        "acc_norm_stderr,none": 0.013946271849440476
    },
    "winogrande": {
        "alias": "winogrande",
        "acc,none": 0.48855564325177586,
        "acc_stderr,none": 0.014048804199859332
    }
}