{
    "boolq": {
        "alias": "boolq",
        "acc,none": 0.3782874617737003,
        "acc_stderr,none": 0.008482001133931
    },
    "lambada_openai": {
        "alias": "lambada_openai",
        "perplexity,none": 7868451.350917766,
        "perplexity_stderr,none": 937630.6699451718,
        "acc,none": 0.0,
        "acc_stderr,none": 0.0
    },
    "openbookqa": {
        "alias": "openbookqa",
        "acc,none": 0.178,
        "acc_stderr,none": 0.017123622189062257,
        "acc_norm,none": 0.274,
        "acc_norm_stderr,none": 0.019966103540279466
    },
    "piqa": {
        "alias": "piqa",
        "acc,none": 0.514689880304679,
        "acc_stderr,none": 0.011660788281735484,
        "acc_norm,none": 0.4896626768226333,
        "acc_norm_stderr,none": 0.011663330673075898
    },
    "race": {
        "alias": "race",
        "acc,none": 0.21339712918660286,
        "acc_stderr,none": 0.012680074363485687
    },
    "sciq": {
        "alias": "sciq",
        "acc,none": 0.217,
        "acc_stderr,none": 0.01304151375727071,
        "acc_norm,none": 0.25,
        "acc_norm_stderr,none": 0.013699915608779773
    },
    "winogrande": {
        "alias": "winogrande",
        "acc,none": 0.48855564325177586,
        "acc_stderr,none": 0.014048804199859322
    }
}