{
    "boolq": {
        "alias": "boolq",
        "acc,none": 0.5770642201834862,
        "acc_stderr,none": 0.008640558744656432
    },
    "lambada_openai": {
        "alias": "lambada_openai",
        "perplexity,none": 4180072.061741826,
        "perplexity_stderr,none": 491985.67497537663,
        "acc,none": 0.003299049097613041,
        "acc_stderr,none": 0.0007988935201235956
    },
    "openbookqa": {
        "alias": "openbookqa",
        "acc,none": 0.158,
        "acc_stderr,none": 0.01632804980457984,
        "acc_norm,none": 0.274,
        "acc_norm_stderr,none": 0.019966103540279462
    },
    "piqa": {
        "alias": "piqa",
        "acc,none": 0.5239390642002176,
        "acc_stderr,none": 0.01165244562107926,
        "acc_norm,none": 0.5201305767138193,
        "acc_norm_stderr,none": 0.011656365410780373
    },
    "race": {
        "alias": "race",
        "acc,none": 0.21722488038277513,
        "acc_stderr,none": 0.012762126369411885
    },
    "sciq": {
        "alias": "sciq",
        "acc,none": 0.398,
        "acc_stderr,none": 0.01548663410285892,
        "acc_norm,none": 0.354,
        "acc_norm_stderr,none": 0.015129868238451772
    },
    "winogrande": {
        "alias": "winogrande",
        "acc,none": 0.4940805051302289,
        "acc_stderr,none": 0.014051500838485807
    }
}