{
    "boolq": {
        "alias": "boolq",
        "acc,none": 0.4382262996941896,
        "acc_stderr,none": 0.008678056241208773
    },
    "lambada_openai": {
        "alias": "lambada_openai",
        "perplexity,none": 16978.195212419556,
        "perplexity_stderr,none": 1077.7311112317393,
        "acc,none": 0.03415486124587619,
        "acc_stderr,none": 0.0025304169302061987
    },
    "openbookqa": {
        "alias": "openbookqa",
        "acc,none": 0.128,
        "acc_stderr,none": 0.014955913837590672,
        "acc_norm,none": 0.25,
        "acc_norm_stderr,none": 0.019384310743640384
    },
    "piqa": {
        "alias": "piqa",
        "acc,none": 0.5484221980413493,
        "acc_stderr,none": 0.011610989358814274,
        "acc_norm,none": 0.5272034820457019,
        "acc_norm_stderr,none": 0.011648545262429023
    },
    "race": {
        "alias": "race",
        "acc,none": 0.22775119617224882,
        "acc_stderr,none": 0.012979522215729702
    },
    "sciq": {
        "alias": "sciq",
        "acc,none": 0.578,
        "acc_stderr,none": 0.015625625112620653,
        "acc_norm,none": 0.542,
        "acc_norm_stderr,none": 0.015763390640483703
    },
    "winogrande": {
        "alias": "winogrande",
        "acc,none": 0.4964483030781373,
        "acc_stderr,none": 0.01405213114691586
    }
}