{
    "boolq": {
        "alias": "boolq",
        "acc,none": 0.45932721712538227,
        "acc_stderr,none": 0.00871607349717107
    },
    "lambada_openai": {
        "alias": "lambada_openai",
        "perplexity,none": 6838.878753576551,
        "perplexity_stderr,none": 469.4208364458518,
        "acc,none": 0.06850378420337667,
        "acc_stderr,none": 0.003519329271824934
    },
    "openbookqa": {
        "alias": "openbookqa",
        "acc,none": 0.132,
        "acc_stderr,none": 0.015152927850580167,
        "acc_norm,none": 0.262,
        "acc_norm_stderr,none": 0.01968468882019473
    },
    "piqa": {
        "alias": "piqa",
        "acc,none": 0.544613710554951,
        "acc_stderr,none": 0.011619292444157079,
        "acc_norm,none": 0.5353645266594124,
        "acc_norm_stderr,none": 0.011636607860111552
    },
    "race": {
        "alias": "race",
        "acc,none": 0.2535885167464115,
        "acc_stderr,none": 0.013464917553159398
    },
    "sciq": {
        "alias": "sciq",
        "acc,none": 0.638,
        "acc_stderr,none": 0.015204840912919503,
        "acc_norm,none": 0.582,
        "acc_norm_stderr,none": 0.015605111967541949
    },
    "winogrande": {
        "alias": "winogrande",
        "acc,none": 0.5138121546961326,
        "acc_stderr,none": 0.014047122916440426
    }
}