{
    "boolq": {
        "alias": "boolq",
        "acc,none": 0.46605504587155966,
        "acc_stderr,none": 0.008724878548525213
    },
    "lambada_openai": {
        "alias": "lambada_openai",
        "perplexity,none": 35201.15395795446,
        "perplexity_stderr,none": 2991.534019859371,
        "acc,none": 0.0392004657481079,
        "acc_stderr,none": 0.002703796977680381
    },
    "openbookqa": {
        "alias": "openbookqa",
        "acc,none": 0.124,
        "acc_stderr,none": 0.014754096608517538,
        "acc_norm,none": 0.266,
        "acc_norm_stderr,none": 0.019780559675655496
    },
    "piqa": {
        "alias": "piqa",
        "acc,none": 0.5538628944504896,
        "acc_stderr,none": 0.011597936590301238,
        "acc_norm,none": 0.5321001088139282,
        "acc_norm_stderr,none": 0.011641758014820126
    },
    "race": {
        "alias": "race",
        "acc,none": 0.2507177033492823,
        "acc_stderr,none": 0.013414206477393402
    },
    "sciq": {
        "alias": "sciq",
        "acc,none": 0.558,
        "acc_stderr,none": 0.01571250721186421,
        "acc_norm,none": 0.515,
        "acc_norm_stderr,none": 0.015812179641814895
    },
    "winogrande": {
        "alias": "winogrande",
        "acc,none": 0.5272296764009471,
        "acc_stderr,none": 0.014031631629827694
    }
}