{
    "boolq": {
        "alias": "boolq",
        "acc,none": 0.5712538226299694,
        "acc_stderr,none": 0.008655800332760224
    },
    "lambada_openai": {
        "alias": "lambada_openai",
        "perplexity,none": 6007856.965089305,
        "perplexity_stderr,none": 719424.4379284304,
        "acc,none": 0.002910925674364448,
        "acc_stderr,none": 0.0007505758899360457
    },
    "openbookqa": {
        "alias": "openbookqa",
        "acc,none": 0.144,
        "acc_stderr,none": 0.015716934945725767,
        "acc_norm,none": 0.262,
        "acc_norm_stderr,none": 0.019684688820194727
    },
    "piqa": {
        "alias": "piqa",
        "acc,none": 0.5233949945593036,
        "acc_stderr,none": 0.01165304715592779,
        "acc_norm,none": 0.5070729053318824,
        "acc_norm_stderr,none": 0.011664656918145945
    },
    "race": {
        "alias": "race",
        "acc,none": 0.20669856459330144,
        "acc_stderr,none": 0.012532496761804785
    },
    "sciq": {
        "alias": "sciq",
        "acc,none": 0.34,
        "acc_stderr,none": 0.014987482264363935,
        "acc_norm,none": 0.319,
        "acc_norm_stderr,none": 0.014746404865473479
    },
    "winogrande": {
        "alias": "winogrande",
        "acc,none": 0.49171270718232046,
        "acc_stderr,none": 0.014050555322824192
    }
}