{
    "boolq": {
        "alias": "boolq",
        "acc,none": 0.6214067278287462,
        "acc_stderr,none": 0.008483341718024479
    },
    "lambada_openai": {
        "alias": "lambada_openai",
        "perplexity,none": 1923726.7694725476,
        "perplexity_stderr,none": 174376.7214698103,
        "acc,none": 0.0,
        "acc_stderr,none": 0.0
    },
    "openbookqa": {
        "alias": "openbookqa",
        "acc,none": 0.14,
        "acc_stderr,none": 0.015533272840269658,
        "acc_norm,none": 0.266,
        "acc_norm_stderr,none": 0.019780559675655493
    },
    "piqa": {
        "alias": "piqa",
        "acc,none": 0.5195865070729053,
        "acc_stderr,none": 0.01165686997928847,
        "acc_norm,none": 0.49347116430903154,
        "acc_norm_stderr,none": 0.011664829595210974
    },
    "race": {
        "alias": "race",
        "acc,none": 0.21722488038277513,
        "acc_stderr,none": 0.012762126369411883
    },
    "sciq": {
        "alias": "sciq",
        "acc,none": 0.276,
        "acc_stderr,none": 0.014142984975740668,
        "acc_norm,none": 0.267,
        "acc_norm_stderr,none": 0.013996674851796261
    },
    "winogrande": {
        "alias": "winogrande",
        "acc,none": 0.4956590370955012,
        "acc_stderr,none": 0.014051956064076896
    }
}