{
    "boolq": {
        "alias": "boolq",
        "acc,none": 0.555045871559633,
        "acc_stderr,none": 0.008691897543539226
    },
    "lambada_openai": {
        "alias": "lambada_openai",
        "perplexity,none": 8766587.08941565,
        "perplexity_stderr,none": 1070917.6967342172,
        "acc,none": 0.00019406171162429653,
        "acc_stderr,none": 0.0001940617116242996
    },
    "openbookqa": {
        "alias": "openbookqa",
        "acc,none": 0.16,
        "acc_stderr,none": 0.016411540980502327,
        "acc_norm,none": 0.264,
        "acc_norm_stderr,none": 0.019732885585922084
    },
    "piqa": {
        "alias": "piqa",
        "acc,none": 0.529379760609358,
        "acc_stderr,none": 0.011645667565050859,
        "acc_norm,none": 0.5239390642002176,
        "acc_norm_stderr,none": 0.01165244562107926
    },
    "race": {
        "alias": "race",
        "acc,none": 0.22392344497607655,
        "acc_stderr,none": 0.012901844880037342
    },
    "sciq": {
        "alias": "sciq",
        "acc,none": 0.235,
        "acc_stderr,none": 0.01341472903024711,
        "acc_norm,none": 0.256,
        "acc_norm_stderr,none": 0.013807775152234183
    },
    "winogrande": {
        "alias": "winogrande",
        "acc,none": 0.4964483030781373,
        "acc_stderr,none": 0.014052131146915857
    }
}