{
    "boolq": {
        "alias": "boolq",
        "acc,none": 0.4474006116207951,
        "acc_stderr,none": 0.008696530539281532
    },
    "lambada_openai": {
        "alias": "lambada_openai",
        "perplexity,none": 62731.05853524625,
        "perplexity_stderr,none": 5305.906029210827,
        "acc,none": 0.024257713953037066,
        "acc_stderr,none": 0.0021434066380585765
    },
    "openbookqa": {
        "alias": "openbookqa",
        "acc,none": 0.134,
        "acc_stderr,none": 0.015249692003854494,
        "acc_norm,none": 0.262,
        "acc_norm_stderr,none": 0.019684688820194723
    },
    "piqa": {
        "alias": "piqa",
        "acc,none": 0.5516866158868335,
        "acc_stderr,none": 0.011603326108334503,
        "acc_norm,none": 0.5369967355821545,
        "acc_norm_stderr,none": 0.011633844942776446
    },
    "race": {
        "alias": "race",
        "acc,none": 0.24210526315789474,
        "acc_stderr,none": 0.013257337472050474
    },
    "sciq": {
        "alias": "sciq",
        "acc,none": 0.492,
        "acc_stderr,none": 0.015817274929209008,
        "acc_norm,none": 0.451,
        "acc_norm_stderr,none": 0.01574315237958554
    },
    "winogrande": {
        "alias": "winogrande",
        "acc,none": 0.47908445146014206,
        "acc_stderr,none": 0.014040185494212949
    }
}