{
    "boolq": {
        "alias": "boolq",
        "acc,none": 0.5590214067278287,
        "acc_stderr,none": 0.008683913982298867
    },
    "lambada_openai": {
        "alias": "lambada_openai",
        "perplexity,none": 4477249.454033439,
        "perplexity_stderr,none": 512452.38419284,
        "acc,none": 0.00019406171162429653,
        "acc_stderr,none": 0.00019406171162429734
    },
    "openbookqa": {
        "alias": "openbookqa",
        "acc,none": 0.146,
        "acc_stderr,none": 0.01580720517583485,
        "acc_norm,none": 0.276,
        "acc_norm_stderr,none": 0.02001121929807353
    },
    "piqa": {
        "alias": "piqa",
        "acc,none": 0.5163220892274211,
        "acc_stderr,none": 0.01165960671015178,
        "acc_norm,none": 0.5021762785636561,
        "acc_norm_stderr,none": 0.011665713661738868
    },
    "race": {
        "alias": "race",
        "acc,none": 0.20956937799043063,
        "acc_stderr,none": 0.012596373839610273
    },
    "sciq": {
        "alias": "sciq",
        "acc,none": 0.235,
        "acc_stderr,none": 0.013414729030247095,
        "acc_norm,none": 0.239,
        "acc_norm_stderr,none": 0.013493000446937593
    },
    "winogrande": {
        "alias": "winogrande",
        "acc,none": 0.4996053670086819,
        "acc_stderr,none": 0.014052481306049512
    }
}